label	primaryAccession	secondaryAccessions	uniProtkbId	scientificName	commonName	taxonId	genus	sequence	description	cluster_id
FIVWO	Q05313		GAG_FIVWO	Feline immunodeficiency virus (isolate Wo)	FIV	45409	Lentivirus	PIQTVNGTTQYVALDPKMVSIFMEKAREGLGGEEVQLWFTAFSANLTPTDMATLIMARPGCAADKEILDESLKQLTAEYDRTHPPDGPRPLPYFTAAEIMGIGLTQEQQAEARFAPARMQCRAWYLEALGKLAAIKAKSPRAVQLRQGAKEDYSSFIDRLFAQIDQEQNTAEVKLYLKQSLSIANANADCKKAMSHLKPESTLEEKLRACQEIGFPGYKMQL	Capsid protein p24	8
RSVSB,RSVSB,ALVA,ALVA	Q04095,O92954,O92956,P0C776		GAG_RSVSB,POL_RSVSB,POL_ALVA,GAG_ALVA	Avian leukosis virus subgroup A (isolate RSA),Rous sarcoma virus subgroup B (strain Schmidt-Ruppin)	ALV-A RSA,RSV-SR-B	363745,269447	Alpharetrovirus	PVVIKTEGPAWTPLEPKLITRLADTVRTKGLRSPITMAEVEALMSSPLLPHDVTNLMRVILGPAPYALWMDAWGVQLQTVIAAATRDPRHPANGQGRGERTNLDRLKGLADGMVGNPQGQAALLRPGELVAITASALQAFREVARLAEPAGPWADITQGPSESFVDFANRLIKAVEGSDLPPSARAPVIIDCFRQKSQPDIQQLIRAAPSTLTTPGEIIKYVLDRQKIAPLTDQGIAAAM	Capsid protein p27, alternate cleaved 2	1
HV1B5,HV1B1,HV1H2,HV1LW,HV1H2,HV1LW,HV1BR,HV1B1,HV1B5,HV1BR	Q70622,P04587,P03366,P04591,P03348,P04593,P0C6F2,P04585,P03347,P03367	Q9WJC5,P03368,O09777,P03350	GAG_HV1B5,GAG_HV1B1,POL_HV1H2,POL_HV1LW,GAG_HV1H2,GAG_HV1LW,POL_HV1BR,POL_HV1B1,POL_HV1B5,GAG_HV1BR	Human immunodeficiency virus type 1 group M subtype B (isolate HXB2),Human immunodeficiency virus type 1 group M subtype B (isolate LW123),Human immunodeficiency virus type 1 group M subtype B (isolate BH10),Human immunodeficiency virus type 1 group M subtype B (isolate BRU/LAI),Human immunodeficiency virus type 1 group M subtype B (isolate BH5)	HIV-1	11682,11686,82834,11706,11678	Lentivirus	PIVQNIQGQMVHQAISPRTLNAWVKVVEEKAFSPEVIPMFSALSEGATPQDLNTMLNTVGGHQAAMQMLKETINEEAAEWDRVHPVHAGPIAPGQMREPRGSDIAGTTSTLQEQIGWMTNNPPIPVGEIYKRWIILGLNKIVRMYSPTSILDIRQGPKEPFRDYVDRFYKTLRAEQASQEVKNWMTETLLVQNANPDCKTILKALGPAATLEEMMTACQGVGGPGHKARVL	Capsid protein p24	5
HV2CA,HV2CA	P24106,P24107	O73194	GAG_HV2CA,POL_HV2CA	Human immunodeficiency virus type 2 subtype A (isolate CAM2)	HIV-2	11715	Lentivirus	PVQSIGGNYTHVPLSPRTLNAWVKLVEEKKFGAEVVPGFQALSEGCTPYDINQMLNCVGDHQAAMQIIREIINEEAADWDANHPIPGPLPAGQLRDPRGSDIAGTTSTVEEQIQWMFRAQNPVPVGNIYRRWIQIGLQKCVRMYNPTNILDIKQGPKESFQSYVDRFYKSLRAEQTDPAVKNWMTQTLLVQNANPDCKLVLKGLGMNPTLEEMLTACQGVGGPGQKARLM	Capsid protein p24	5
WMSV	P03330	A0A0U3TJX4	GAG_WMSV	Woolly monkey sarcoma virus	WMSV	11970	Gammaretrovirus	PLRAIGPPAEPNGLVPLQYWPFSSADLYNWKSNHPSFSENPAGLTGLLESLMFSHQPTWDDCQQLLQILFTTEERERILLEARKNVLGDNGAPTQLENLINEAFPLNRPQWDYNTAAGRERLLVYRRTLVAGLKGAARRPTNLAKVREVLQGPAEPPSVFLERLMEAYRRYTPFDPSEEGQQAAVAMAFIGQSAPDIKKKLQRLEGLQDYSLQDLVREAEKVYHKRETEEERQEREKKEAEERERRRDRRQEKNLTRIL	Capsid protein p30	2
JEMBR_Q82851	Q82851	Q82859	POL_JEMBR	Jembrana disease virus	JDV	36370	Lentivirus	PQLRKNFPAVSTSDGSPRYDPDLTKQLKIWADATEKHGVDHHAVNILGVITANLTQSEIRLLLQSTPQWRLDIQLIESKLNAREHAHRVWKESHPEAPKTDEIIGKGLTAAEQATLTTQECRDTYRQWVLEAALEVAQGKHDRPGPINIHQGPKEPYPEFVNKLVTALEGMAAPETTKQYLLDHLSVDHANEDCRAVLLPLGPSAPMERKLEACRAVGSSKQKMQF	Capsid protein p26	3
HV197,HV197	Q9QBZ9,Q9QC00		GAG_HV197,POL_HV197	Human immunodeficiency virus type 1 group M subtype K (isolate 97ZR-EQTB11)	HIV-1	388907	Lentivirus	PIVQNLQGQMVHQALSPRTLNAWVKVIEEKAFSPEVIPMFSALSEGATPQDLNTMLNTVGGHQAAMQMLKDTINEEAAEWDRMHPVQAGPIPPGQIREPRGSDIAGTTSTLQEQITWMTSNPPIPVGEIYKRWIILGLNKIVRMYSPVSILDIRQGPKEPFRDYVDRFFRVLRAEQATQEVKNWMTETLLVQNANPDCRTILKALGSGATLEEMMTACQGVGGPGHKARVL	Capsid protein p24	5
SIVCZ,SIVCZ	P17282,P17283		GAG_SIVCZ,POL_SIVCZ	Simian immunodeficiency virus (isolate CPZ GAB1)	SIV-cpz	402771	Lentivirus	PLVQNAQGQMVHQAISPRTLNAWVKVVEEKAFSPEVIPMFSALSEGALPQDVNTMLNAVGGHQGAMQVLKEVINEEAAEWDRLHPTHAGPIAPGQLREPRGSDIAGTTSTLQEQIGWTTANPPIPVGDVYRRWVILGLNKVVRMYCPVSILDIRQGPKEPFRDYVDRFYKTLRAEQASQEVKNWMTDTLLVQNANPDCKQILKALGPGATLEEMMTACQGVGGPSHKARVL	Capsid protein p24	5
SIVVT,SIVVG,SIVVG	P27978,P27980,P05895		POL_SIVVT,POL_SIVVG,GAG_SIVVG	Simian immunodeficiency virus agm.vervet (isolate AGM3),Simian immunodeficiency virus agm.vervet (isolate AGM TYO-1)	SIV-agm.ver	11730,11731	Lentivirus	PAQQQGNAWIHVPLSPRTLNAWVKAVEEKKFGAEIVPMFQALSEGCTPYDINQMLNVLGDHQGALQIVKEIINEEAAQWDIAHPPPAGPLPAGQLRDPRGSDIAGTTSTVQEQLEWIYTANPRVDVGAIYRRWIILGLQKCVKMYNPVSVLDIRQGPKEAFKDYVDRFYKAIRAEQASGEVKQWMTESLLIQNANPDCKVILKGLGMHPTLEEMLTACQGVGGPSYKAKVM	Capsid protein p24	5
HV1U4,HV1U4	P24740,P24736		GAG_HV1U4,POL_HV1U4	Human immunodeficiency virus type 1 group M subtype A (isolate U455)	HIV-1	11703	Lentivirus	PIVQNAQGQPVHQALSPRTLNAWVKVVEDKAFSPEVIPMFSALSEGATPQDLNMMLNVVGGHQAAMQMLKDTINEEAAEWDRLHPVHAGPIPPGQMREPRGSDIAGTTSTVQEQIGWMTGNPPIPVGDIYRRWIILGLNKIVRMYSPVSILDIRQGPKEPFRDYVDRFFKTLRAEQATQDVKNWMTETLLVQNANPDCKSILRALGPGATLEEMMTACQGVGGPGHKARVL	Capsid protein p24	5
HV1OY,HV1OY	P20889,P20892		GAG_HV1OY,POL_HV1OY	Human immunodeficiency virus type 1 group M subtype B (isolate OYI)	HIV-1	11699	Lentivirus	PIVQNLQGQMVHQPISPRTLNAWVKVVEEKAFSPEVIPMFSALAEGATPQDLNTMLNTVGGHQAAMQMLKETINEEAAEWDRLHPVHAGPIAPGQMREPRGSDIAGTTSTLQEQIGWMTNNPPIPVGEIYKRWIILGLNKIVRMYSPTSILDIRQGPKEPFRDYVDRFYKTLRAEQASQDVKNWMTETLLVQNANPDCKTILKALGPAATLEEMMTACQGVGGPGHKARVL	Capsid protein p24	5
HV2RO,HV2RO	P04590,P04584	Q76629	POL_HV2RO,GAG_HV2RO	Human immunodeficiency virus type 2 subtype A (isolate ROD)	HIV-2	11720	Lentivirus	PVQHVGGNYTHIPLSPRTLNAWVKLVEEKKFGAEVVPGFQALSEGCTPYDINQMLNCVGDHQAAMQIIREIINEEAAEWDVQHPIPGPLPAGQLREPRGSDIAGTTSTVEEQIQWMFRPQNPVPVGNIYRRWIQIGLQKCVRMYNPTNILDIKQGPKEPFQSYVDRFYKSLRAEQTDPAVKNWMTQTLLVQNANPDCKLVLKGLGMNPTLEEMLTACQGVGGPGQKARLM	Capsid protein p24	5
BLVAU	P25058		GAG_BLVAU	Bovine leukemia virus (isolate Australian)	BLV	11903	Deltaretrovirus	PIISEGNRNRHRAWALRELQDIKKEIENKAPGSQVWIQTLRLAILQADPTPADLEQLCQYIASPVDQTAHMTSLTAAIAAEAANTLQGFNPKMGTLTQQSAQPNAGDLRSQYQNLWLQAWKNLPTRPSVQPWSTIVQGPAESYVEFVNRLQISLADNLPDGVPKEPIIDSLSYANANKECQQILQGRGLVAAPVGQKLQACAHWAPKTKQPAIL	Capsid protein p24	9
HV1AN,HV1AN	Q77373,Q77372		POL_HV1AN,GAG_HV1AN	Human immunodeficiency virus type 1 group O (isolate ANT70)	HIV-1	327105	Lentivirus	PIVSNAQGQMVHQAISPRTLNAWVKAVEEKAFNPEIIPMFMALSEGAISYDINTMLNAIGGHQGALQVLKEVINEEAVEWDRTHPPPVGPLPPGQIREPTGSDIAGTTSTQQEQIHWTTRPNQPIPVGDIYRKWIVLGLNKMVKMYSPVSILDIKQGPKEPFRDYVDRFYKTLRAEQATQEVKNWMTETLLVQNANPDCKQILKSLGPGATLEEMMVACQGVGGPTHKARVL	Capsid protein p24	5
MLVDE	P29168		GAG_MLVDE	Murine leukemia virus (strain DEF27)		31688	Gammaretrovirus	PLRLGGNGQLQYWPFSSSDLYNWKNNNPSFSEDPGKLTALIESVLTTHQPTWDDCQQLLGTLLTGEEKQRVLLEARKAVRGNDGRPTQLPNEVNSAFPLERPDWDYTTPEGRNHLVLYRQLLLAGLQNAGRSPTNLAKVKGITQGPSESPSAFLERLKEAYRRYTPYDPEDPGQETNVSMSFIWQSAPDIGRKLERLEDLKSKTLGDLVREAEKIFNKRETPEEREERIRRETEEKEERRRAEDEQREKERDRRRHREMSKFL	Capsid protein p30	2
HV1B9,HV1B9	Q73367,Q73368		GAG_HV1B9,POL_HV1B9	Human immunodeficiency virus type 1 group M subtype B (strain 89.6)	HIV-1	401671	Lentivirus	PIVQNIQGQMVHQAISPRTLNAWVKVVEEKAFSPEVIPMFSALSEGATPQDLNTMLNTVGGHQAAMQMLKETINEEAAEWDRLHPVQAGPVAPGQMREPRGSDIAGTTSTLQEQIGWMTNNPPIPVGEIYKRWIILGLNKIVRMYSPSSILDIKQGPKEPFRDYVDRFYKTLRAEQASQEVKNWMTETLLVQNANPDCKTILKALGPGATLEEMMTACQGVGGPGHKARVL	Capsid protein p24	5
HV2EH,HV2EH	Q89928,Q74230		POL_HV2EH,GAG_HV2EH	Human immunodeficiency virus type 2 subtype B (isolate EHO)	HIV-2	388821	Lentivirus	PVQQIAGNYSHLPLSPRTLNAWVKLVEEKKFGAEVVPGFQALSEGCTPYDINQMLNCVGEHQAAMQIIREIINEEAADWDQQHPSPGPMPAGQLREPRGSDIAGTTSTVEEQIQWMYRPQNPVPVGNIYRRWIQLGLQKCVRMYNPTNILDIKQGPKEPFQSYVDRFYKSLRAEQTDPAVKNWMTQTLLIQNANPDCKLVLKGLGMNPTLEEMLTACQGIGGPGQKARLM	Capsid protein p24	5
MLVCB,MLVCB	P08361,P27460		GAG_MLVCB,POL_MLVCB	Cas-Br-E murine leukemia virus		11792	Gammaretrovirus	PLRSGGNGQLQYWPFSSSDLYNWKNNNPSFSEDPGKLTALIESVLLTHQPTWDDCQQLLGTLLTGEEKQRVLLEARKAVRGEDGRPTQLPNEINDAFPLERPDWDYNTQRGRNHLVLYRQLLLAGLQNAGRSPTNLAKVKGITQGPNESPSAFLERLKEAYRRYTPYDPEDPGQETNVSMSFIWQSAPDIGRKLERLEDLKSKTLGDLVREAEKIFNKRETPEEREERIKRETEEKEERRRAEDEQKEKERDRRRHREMSKLL	Capsid protein p30	2
MLVRD	P11269		GAG_MLVRD	Radiation murine leukemia virus		11787	Gammaretrovirus	PLRLGGNGQLQYWPFSSSDLYNWKNNNPSFSEDPGKLTALIESVLTTHQPTWDDCQQLLGTLLTGEEKQRVLLEARKAVRGNDGRPTQLPNEVNSAFPLERPDWDYTTPEGRNHLVLYRQLLLAGLQNAGRSPTNLAKVKGITQGPNESPSAFLERLKEAYRRYTPYDPEDHGQETSVSMSFIWQSAPDIGRKLERLEDLKSKTLRDLVREAEKIFNKRETPEEREERFRRETEENEERRRAEDEQREKERDRRRQREMSKLL	Capsid protein p30	2
HV19N,HV19N	O41798,P0C1K7		GAG_HV19N,POL_HV19N	Human immunodeficiency virus type 1 group M subtype G (isolate 92NG083)	HIV-1	388825	Lentivirus	PIVQNAQGQMIHQAISPWTLNAWVKVVEEKAFSPEVIPMFSALSEGATPQDLNTMLNTVGGHQAAMQMLKDTINDEAAEWDRIHPQQAGPIPPGQIREPSGSDIAGTTSTLQEQIRWMTSNPPIPVGEIYKRWIILGLNKIVRMYSPVSILDIRQGPKEPFRDYVDRFFKTLRAEQATQEVKGWMTDTLLVQNANPDCKTILRALGPGATLEEMMTACQGVGGPSHKARVL	Capsid protein p24	5
HTLV2,HTLV2,HTLV2	P03346,P03363,P03353		POL_HTLV2,GAG_HTLV2,PRO_HTLV2	Human T-cell leukemia virus 2	HTLV-2	11909	Deltaretrovirus	PILHPPGAPSAHRPWQMKDLQAIKQEVSSSALGSPQFMQTLRLAVQQFDPTAKDLQDLLQYLCSSLVVSLHHQQLNTLITEAETRGMTGYNPMAGPLRMQANNPAQQGLRREYQNLWLAAFSTLPGNTRDPSWAAILQGLEEPYCAFVERLNVALDNGLPEGTPKEPILRSLAYSNANKECQKILQARGHTNSPLGEMLRTCQAWTPKDKTKVL	Capsid protein p24	9
HV2KR,HV2KR	Q74120,Q74119		POL_HV2KR,GAG_HV2KR	Human immunodeficiency virus type 2 subtype A (isolate KR)	HIV-2	73484	Lentivirus	PVQQIAGNYSHVPLSPRTLNAWVKLVEEKKFGAEVVPGFQALSEGCTPYDINQMLNCVGDHQAAMQIIREIINEEAADWDVQHPIPGPLPAGQLREPRGSDIAGTTSTVEEQIQWMFRAQNPIPVGNIYRRWIQIGLQKCVRMYNPTNILDVKQGPKEPFQSYVDRFYKSLRAEQTDPAVKNWMTQTLLVQNANPDCKLVLKGLGMNPTLEEMLTACQGIGGPGQKARLM	Capsid protein p24	5
HV1S2,HV1S2	Q9WC54,Q9WC53		GAG_HV1S2,POL_HV1S2	Human immunodeficiency virus type 1 group M subtype J (isolate SE9280)	HIV-1	388905	Lentivirus	PIVQNLQGQPVHQALSPRTLNAWVKVIEEKAFSPEVIPMFSALSEGATPQDLNTMLNTIGGHQAAMQMLKDTINEEAAEWDRVHPVHAGPIAPGQVREPRGSDIAGTTSTLQEQIGWMTGNPPIPVGEIYKRWIILGLNKIVRMYSPVSILDIRQGPKEPFRDYVDRFFKALRAEQATQDVKNWMTDTLLVQNANPDCKTILKALGSGATLEEMMTACQGVGGPGHKARVL	Capsid protein p24	5
SIVM1,SIVM1	P05894,P05896		POL_SIVM1,GAG_SIVM1	Simian immunodeficiency virus (isolate Mm142-83)	SIV-mac	11733	Lentivirus	PVQQIGGNYTHLPLSPRTLNAWVKLIEEKKFGAEVVSGFQALSEGCLPYDINQMLNCVGDHQAAMQIIRDIINEEAADWDLQHPQQAPQQGQLREPSGSDIAGTTSTVEEQIQWMYRQQNPIPVGNIYRRWIQLGLQKCVRMYNPTNILDVKQGPKEPFQSYVDRFYKSLRAEQTDPAVKNWMTQTLLIQNANPDCKLVLKGLGTNPTLEEMLTACQGVGGPGQKARLM	Capsid protein p24	5
HTL32,HTL32,HTL32	Q0R5R2,Q0R5R3,Q0R5R4		GAG_HTL32,POL_HTL32,PRO_HTL32	Human T-cell leukemia virus 3 (strain 2026ND)	HTLV-3	402036	Deltaretrovirus	PILHPHGAPAAHRPWQMKDLQAIKQEVSSSAPGSPQFMQTIRLAVQQFDPTAKDLHDLLQYLCSSLVASLHHQQLETLIAQAETQGITGYNPLAGPLRIQANNPNQQGLRKEYQNLWLSAFSALPGNTKDPTWAAILQGPEEPFGSFVERLNVALDNGLPEGTPKDPILRSLAYSNANKECQKLLQARGQTNSPLGEMLRACQTWTPRDKNKIL	Capsid protein p24	9
SMRVH	P21411		GAG_SMRVH	Squirrel monkey retrovirus	SMRV-H	11856	Betaretrovirus	PVTRSQGQVSSNTTGRASPHPDTHTIPEEEEADSGESDSEDDEEESSEPTEPTYTHSYKRLNLKTIEKIKTAVANYGPTAPFTVALVESLSERWLTPSDWFFLSRAALSGGDNILWKSEYEDISKQFAERTRVRPPPKDGPLKIPGASPYQNNDKQAQFPPGLLTQIQSAGLKAWKRLPQKGAATTSLAKIRQGPDESYSDFVSRLQETADRLFGSGESESSFVKHLAYENANPACQSAIRPFRQKELSTMSPLLWYCSAHAVGLAIGAALQNLAPAQLLEPRPAFAIIVTNPAIFQETAPKKIQPPTQLPTQPNAPQASLIKNLGPTTK	Capsid protein p35	4
HV1ND,HV1ND	P18802,P18800		GAG_HV1ND,POL_HV1ND	Human immunodeficiency virus type 1 group M subtype D (isolate NDK)	HIV-1	11695	Lentivirus	PIVQNLQGQMVHQAISPRTLNAWVKVIEEKAFSPEVIPMFSALSEGATPQDLNTMLNTVGGHQAAMQMLKETINDEAAEWDRLHPVHAGPVAPGQMREPRGSDIAGTTSTLQEQIAWMTSNPPIPVGEIYKRWIILGLNKIVRMYSPVSILDIRQGPKEPFRDYVDRFYKTLRAEQASQDVKNWMTETLLVQNANPDCKTILKALGPQATLEEMMTACQGVGGPGHKARVL	Capsid protein p24	5
SIVGB,SIVGB	P22381,P22382		GAG_SIVGB,POL_SIVGB	Simian immunodeficiency virus (isolate GB1)	SIV-mnd	11732	Lentivirus	PVQRDAAGQYQYTPISPRIIQTWVKTVEEKKWKPEVIPLFSALTEGAISHDLNIMLNAVGDHQGAMQVLKDVINEQAAEWDLTHPQQQPAQPGGGLRTPSGSDIAGTTSTVEEQLAWMNMQQNAINVGTIYKSWIILGMNRLVKSHCPISITDVRQGPKEAFKDYVDRFYNVMRAEQASGEVKMWMQQHLLIENANPECKQILRSLGKGATLEEMLEACQGVGGPQHKARLM	Capsid protein p24	5
JEMBR_Q82850	Q82850		GAG_JEMBR	Jembrana disease virus	JDV	36370	Lentivirus	PQLRKNFPAVSTSDGSPRYDPDLTKQLKIWADATEKHGVDHHAVNILGVITANLTQSEIRLLLQSTPQWRLDIQLIESKLNAREHAHRVWKESHPEAPKTDEIIGKGLTAAEQATLTTQECRDTYRQWVLEAALEVAQGKHDRPGPINIHQGPKEPYPEFVNKLVTALEGMAAPETTKQYLLDHLSVDHANEDCRAVLLPLGPSAPMERKLEACRAVGS	Capsid protein p26	3
SIVG1,SIVG1	Q02836,Q02843		GAG_SIVG1,POL_SIVG1	Simian immunodeficiency virus agm.grivet (isolate AGM gr-1)	SIV-agm.gri	31684	Lentivirus	PVVNQNNAWVHQPLSPRTLNAWVKCVEEKRWGAEVVPMFQALSEGCLSYDVNQMLNVIGDHQGALQILKEVINEEAAEWDRTHRPPAGPLPAGQLRDPTGSDIAGTTSSIQEQIEWTFNANPRIDVGAQYRKWVILGLQKVVQMYNPQKVLDIRQGPKEPFQDYVDRFYKALRAEQAPQDVKNWMTQTLLIQNANPDCKLILKGLGMNPTLEEMLIACQGVGGPQHKAKLM	Capsid protein p24	5
XMRV6,XMRV6	A1Z651,Q27ID9	Q27IE0	POL_XMRV6,GAG_XMRV6	Xenotropic MuLV-related virus (isolate VP62)	XMRV	373193	Gammaretrovirus	PLRMGGDGQLQYWPFSSSDLYNWKNNNPSFSEDPGKLTALIESVLITHQPTWDDCQQLLGTLLTGEEKQRVLLEARKAVRGNDGRPTQLPNEVNAAFPLERPDWDYTTTEGRNHLVLYRQLLLAGLQNAGRSPTNLAKVKGITQGPNESPSAFLERLKEAYRRYTPYDPEDPGQETNVSMSFIWQSAPDIGRKLERLEDLKSKTLGDLVREAEKIFNKRETPEEREERIRREIEEKEERRRAEDEQRERERDRRRHREMSKLL	Capsid protein p30	2
HV1MP,HV1MP	Q9QBZ6,Q9QBZ5		POL_HV1MP,GAG_HV1MP	Human immunodeficiency virus type 1 group M subtype F2 (isolate MP255)	HIV-1	388815	Lentivirus	PIVQNIQGQMVHQALSPRTLNAWVKVIEEKAFSPEVIPMFSALSEGATPQDLNTMLNTVGGHQAAMQMLKDTINEEAAEWDRLHPVHAGPIPPGQMREPRGSDIAGTTSTLQEQITWMTGNPPVPVGEIYKRWIILGLNKIVRMYSPVSILDIKQGPKEPFRDYVDRFFKTLRAEQATQEVKNWMTETLLVQNSNPDCKTILKALGPGATLEEMMTACQGVGGPGHKARIL	Capsid protein p24	5
HV192,HV192	O12157,O12158		POL_HV192,GAG_HV192	Human immunodeficiency virus type 1 group M subtype C (isolate 92BR025)	HIV-1	388812	Lentivirus	PIVQNLQGQMVHQPISARTLNAWVKVVEEKAFSPEVIPMFTALSEGATPQDLNTMLNTVGGHQAAMQMLKDTINEEAAEWDRLHPVHAGPVAPGQMREPRGSDIAGTTSTLQEQITWMTNNPPVPVGDIYKRWIILGLNKIVRMYSPVSILDIKQGPKEPFRDYVDRFFKTLRAEQATQDVKNWMTDTLLVQNANPDCKTILRALGPGASLEEMMTACQGVGGPGHKARVL	Capsid protein p24	5
HV1N5,HV1N5	P12493,P12497		GAG_HV1N5,POL_HV1N5	Human immunodeficiency virus type 1 group M subtype B (isolate NY5)	HIV-1	11698	Lentivirus	PIVQNLQGQMVHQAISPRTLNAWVKVVEEKAFSPEVIPMFSALSEGATPQDLNTMLNTVGGHQAAMQMLKETINEEAAEWDRLHPVHAGPIAPGQMREPRGSDIAGTTSTLQEQIGWMTHNPPIPVGEIYKRWIILGLNKIVRMYSPTSILDIRQGPKEPFRDYVDRFYKTLRAEQASQEVKNWMTETLLVQNANPDCKTILKALGPGATLEEMMTACQGVGGPGHKARVL	Capsid protein p24	5
SIVM2,SIVM2	P05893,P05897		POL_SIVM2,GAG_SIVM2	Simian immunodeficiency virus (isolate Mm251)	SIV-mac	11734	Lentivirus	PVQQIGGNYVHLPLSPRTLNAWVKLIEEKKFGAEVVPGFQALSEGCTPYDINQMLNCVGDHQAAMQIIRDIINEEAADWDLQHPQPAPQQGQLREPSGSDIAGTTSSVDEQIQWMYRQQNPIPVGNIYRRWIQLGLQKCVRMYNPTNILDVKQGPKEPFQSYVDRFYKSLRAEQTDAAVKNWMTQTLLIQNANPDCKLVLKGLGVNPTLEEMLTACQGVGGPGQKARLM	Capsid protein p24	5
XMRV4,XMRV4	Q2F7J0,Q2F7I9		POL_XMRV4,GAG_XMRV4	Xenotropic MuLV-related virus (isolate VP42)	XMRV	356664	Gammaretrovirus	PLRMGGDGQLQYWPFSSSDLYNWKNNNPSFSEDPGKLTALIESVLITHQPTWDDCQQLLGTLLTGEEKQRVLLEARKAVRGNDGRPTQLPNEVNAAFPLERPDWGYTTTEGRNHLVLYRQLLLAGLQNAGRSPTNLAKVKGITQGPNESPSAFLERLKEAYRRYTPYDPEDPGQETNVSMSFIWQSAPDIGRKLERLEDLKSKTLGDLVREAEKIFNKRETPEEREERIRREIEEKEERRRAEDEQRERERDRRRHREMSKLL	Capsid protein p30	2
BAEVM	P03341	P10268	GAG_BAEVM	Baboon endogenous virus (strain M7)		11764	Gammaretrovirus	PLRTVNRTIQYWPFSASDLYNWKTHNPSFSQDPQALTSLIESILLTHQPTWDDCQQLLQVLLTTEERQRVLLEARKNVPGPGGLPTQLPNEIDEGFPLTRPDWDYETAPGRESLRIYRQALLAGLKGAGKRPTNLAKVRTITQGKDESPAAFMERLLEGFRMYTPFDPEAPEHKATVAMSFIDQAALDIKGKLQRLDGIQTHGLQELVREAEKVYNKRETPEEREARLIKEQEEREDRRDRKRDKHLTKIL	Capsid protein p30	2
HV1V9,HV1V9	Q9Q720,Q9Q721		POL_HV1V9,GAG_HV1V9	Human immunodeficiency virus type 1 group M subtype H (isolate VI991)	HIV-1	388888	Lentivirus	PIVQNAQGQMVHQAISPRTLNAWVKVVEEKAFSPEVIPMFSALSEGATPQDLNAMLNTVGGHQAAMQMLKDTINEEAAEWDRLHPVHAGPIPPGQMREPRGSDIAGTTSTLQEQVAWMTGNPPIPVGDIYKRWIILGLNKIVRMYSPVSILDIKQGPKEPFRDYVDRFFRVLRAEQATQDVKNWMTDTLLVQNANPDCRTILKALGRGASIEEMMTACQGVGGPSHKARVL	Capsid protein p24	5
EIAV9,EIAVY	P69732,P69730	P03351	GAG_EIAV9,GAG_EIAVY	Equine infectious anemia virus (strain Wyoming),Equine infectious anemia virus (isolate 1369)	EIAV	11672,11670	Lentivirus	PIMIDGAGNRNFRPLTPRGYTTWVNTIQTNGLLNEASQNLFGILSVDCTSEEMNAFLDVVPGQAGQKQILLDAIDKIADDWDNRHPLPNAPLVAPPQGPIPMTARFIRGLGVPRERQMEPAFDQFRQTYRQWIIEAMSEGIKVMIGKPKAQNIRQGAKEPYPEFVDRLLSQIKSEGHPQEISKFLTDTLTIQNANEECRNAMRHLRPEDTLEEKMYACRDIGTTKQKMML	Capsid protein p26	8
HV2ST,HV2ST	P20874,P20876		GAG_HV2ST,POL_HV2ST	Human immunodeficiency virus type 2 subtype A (isolate ST)	HIV-2	11721	Lentivirus	PVQQVAGNYTHVPLSPRTLNAWVKLVEEKKFGAEVVPGFQALSEGCTPYDINQMLNCVGDHQAAMQIIREIINEEAADWDAQHPIPGPLPAGQLREPRGSDIAGTTSTVEEQIQWMFRPQNPVPVGSIYRRWIQIGLQKCVRMYNPTNILDIKQGPKEPFQSYVDRFYKSLRAEQTDPAVKNWMTQTLLVQNANPDCKLVLKGLGINPTLEEMLTACQGVGGPGQKARLM	Capsid protein p24	5
SIVMB,SIVMB	Q1A268,Q1A267		POL_SIVMB,GAG_SIVMB	Simian immunodeficiency virus (isolate MB66)	SIV-cpz	388911	Lentivirus	PIVANAQGQMVHQPISPRTLNAWVKVVEEKAFSPEVIPMFMALSEGATPQDLNTMLNTVGGHQAAMQMLKEVINEEAAEWDRLHPVHAGPVPPGQMREPRGSDIAGTTSTIQEQVGWMTSNPPIPVGDIYKRWIILGLNKIVKMYCPVSILDIKQGPKESFRDYVDRFYKTLRAEQATQEVKNWMTDTLLVQNANPDCKSILRALGPGATLEGDEPAFQGVGGPSHKARVL	Capsid protein p24	5
HV2BE,HV2BE	P18096,P18095	Q76605	POL_HV2BE,GAG_HV2BE	Human immunodeficiency virus type 2 subtype A (isolate BEN)	HIV-2	11714	Lentivirus	PVQQAGGNYVHVPLSPRTLNAWVKLVEEKKFGAEVVPGFQALSEGCTPYDINQMLNCVGDHQAAMQIIREIINEEAADWDSQHPIPGPLPAGQLRDPRGSDIAGTTSTVDEQIQWMYRPQNPVPVGNIYRRWIQIGLQKCVRKYNPTNILDIKQGPKEPFQSYVDRFYKSLRAEQTDPAVKNWMTQTLLIQNANPDCKLVLKGLGMNPTLEEMLTACQGVGGPGQKARLM	Capsid protein p24	5
HV1W2	P05889		GAG_HV1W2	Human immunodeficiency virus type 1 group M subtype B (isolate WMJ22)	HIV-1	11705	Lentivirus	PIVQNLQGQMVHQAISPRTLNAWVKVVEEKAFSPEVIPMFSALSEGATPQDLNTMLNTVGGHQAAMQMLKETINEEAAEWDRLHPVHAGPIAPGQMREPRGSDIAGTTSTLQEQIGWMTNNPPIPVGEIYKRWIILGLNKIVRMYSPTSILDIRQGPKEPFRDYVDRFYKTLRAEQATQEVKNWMTETLLVQNANPDCKTILKALGPAATLEEMMTACQGVGGPGHKARVL	Capsid protein p24	5
HV1S9,HV1S9	Q9WC62,Q9WC63		GAG_HV1S9,POL_HV1S9	Human immunodeficiency virus type 1 group M subtype J (isolate SE9173)	HIV-1	388904	Lentivirus	PIVQNLQGQPVHQALSPRTLNAWVKVIEEKAFSPEVIPMFSALSEGATPQDLNTMLNTIGGHQAAMQMLKDTINEEAAEWDRVHPVHAGPVAPGQVREPRGSDIAGTTSNLQEQIGWMTGNPPIPVGEIYKRWIILGLNKIVRMYSPVSILDIRQGPKEPFRDYVDRFFKALRAEQATQDVKNWMTDTLLVQNANPDCKTILKALGSGATLEEMMTACQGVGGPGHKARVL	Capsid protein p24	5
HV1M2,HV1M2	Q9QBZ2,Q9QBZ1		GAG_HV1M2,POL_HV1M2	Human immunodeficiency virus type 1 group M subtype F2 (isolate MP257)	HIV-1	388823	Lentivirus	PILQNLQGQMVHQSLSPRTLNAWVKVIEEKAFSPEVIPMFSALSEGATPQDLNTMLNTVGGHQAAMQMLKDTINEEAAEWDRLHPVHAGPIPPGQMREPRGSDIAGTTSTLQEQIAWMTSNPPVPVGEIYKRWIILGLNKIVRMYSPVSILDIKQGPKEPFRDYVDRFFKTLRAEQATQEVKGWMTETLLVQNANPDCKTILKALGPGATLEEMMTACQGVGGPSHKARIL	Capsid protein p24	5
HTL3P,HTL3P,HTL3P	Q09SZ9,Q4U0X6,Q09T00		PRO_HTL3P,GAG_HTL3P,POL_HTL3P	Human T-cell leukemia virus 3 (strain Pyl43)	HTLV-3	406769	Deltaretrovirus	PVLHPHGAPATHRPWQMKDLQAIKQEVSSSAPGSPQFMQTVRLAVQQFDPTAKDLHDLLQYLCSSLVASLHHQQLETLIAQAETQGITGYNPLAGPLRVQANNPNQQGLRREYQNLWLSAFSALPGNTKDPTWAAILQGPEEPFCSFVERLNVALDNGLPEGTPKDPILRSLAYSNANKECQKLLQARGQTNSPLGEMLRACQTWTPRDKNKIL	Capsid protein p24	9
HV2NZ,HV2NZ	P05891,P05962	Q85571	GAG_HV2NZ,POL_HV2NZ	Human immunodeficiency virus type 2 subtype A (isolate NIH-Z)	HIV-2	11719	Lentivirus	PVQQVAGNYTHIPLSPGTLNAWVKLVEEKKFGAEVVPGFQALSEGCTPYDINQMLNCVGDHQAAMQIIREIINEEAADWDVAHPIPGPLPAGQLREPRGSDIAGTTSTVEEQIQWMFRPQNPVPVGNIYRRWIQIGLQKCVRMYNPTNILDINQGPKEPFQSYVDRFYKSLRAEQTDPAVKNWMTQTLLIQNANPDCKLVLKGLGMNPTLEEMLTTCQGVGGPGQKARLM	Capsid protein p24	5
HV1ET,HV1ET	Q75001,Q75002		POL_HV1ET,GAG_HV1ET	Human immunodeficiency virus type 1 group M subtype C (isolate ETH2220)	HIV-1	388796	Lentivirus	PIVQNMQGQMVHQPISARTLNAWVKVVEEKAFSPEVIPMFTALSEGATPQDLNTMLNTVGGHQAAMQMLKDTINEEAAEWDRLHPVHAGPVAPGQMRDPRGSDIAGTTSTLQEQIAWMTGNPPVPVGDIYKRWIILGLNKIVRMYSPVSILDIKQGPKEPFRDYVDRFFKTLRAEQATQDVKNWMTDTLLVQNANPDCKTILRALGPGASLEEMMTACQGVGGPAHKARVL	Capsid protein p24	5
MLVAV	P03336		GAG_MLVAV	AKV murine leukemia virus	AKR (endogenous) murine leukemia virus	11791	Gammaretrovirus	PLRLGGNGQLQYWPFSSSDLYNWKNNNPSFSEDPGKLTALIESVLTTHQPTWDDCQQLLGTLLTGEEKQRVLLEARKAVRGNDGRPTQLPNEVDAAFPLERPDWDYTTQRGRNHLVLYRQLLLAGLQNAGRSPTNLAKVKGITQGPNESPSAFLERLKEAYRRYTPYDPEDPGQETNVSMSFIWQSAPDIGRKLERLEDLKSKTLGDLVREAERIFNKRETPEEREERVRRETEEKEERRRAEEEQKEKERDRRRHREMSKLL	Capsid protein p30	2
HV1MV,HV1MV	Q79665,Q79666		POL_HV1MV,GAG_HV1MV	Human immunodeficiency virus type 1 group O (isolate MVP5180)	HIV-1	388816	Lentivirus	PIVTNAQGQMVHQAISPRTLNAWVKAVEEKAFNPEIIPMFMALSEGAVPYDINTMLNAIGGHQGALQVLKEVINEEAAEWDRTHPPAMGPLPPGQIREPTGSDIAGTTSTQQEQIIWTTRGANSIPVGDIYRKWIVLGLNKMVKMYSPVSILDIRQGPKEPFRDYVDRFYKTLRAEQATQEVKNWMTETLLVQNSNPDCKQILKALGPEATLEEMMVACQGVGGPTHKAKIL	Capsid protein p24	5
SIVTN,SIVTN	Q8AII1,Q8AII2		POL_SIVTN,GAG_SIVTN	Simian immunodeficiency virus (isolate TAN1)	SIV-cpz	388910	Lentivirus	PVITDAQGVARHQPISPRTLNAWVRVIEEKGFNPEVIPMFSALSEGATPYDLNSMLNAVGEHQAAMQMLKEVINEEAAEWDRAHPAHAGPQQAGMLREPTGADIAGTTSTLQEQVLWMTTPQAQGGVPVGDIYKRWIILGLNKLVRMYSPVSILDIKQGPKEPFRDYVDRFYKTIRAEQASQPVKTWMTETLLVQNANPDCKHILKALGQGATLEEMLTACQGVGGPSHKAKIL	Capsid protein p24	5
HTL1C,HTL1C,HTL1C	P14078,P14076,P14074	O56228,O56227,O56229	PRO_HTL1C,GAG_HTL1C,POL_HTL1C	Human T-cell leukemia virus 1 (isolate Caribbea HS-35 subtype A)	HTLV-1	11927	Deltaretrovirus	PVMHPHGAPPNHRPWQMKDLQAIKQEVSQAAPGSPQFMQTIRLAVQQFDPTAKDLQDLLQYLCSSLVASLHHQQLDSLISEAETRGITGYNPLAGPLRVQANNPQQQGLRREYQQLWLAAFAALPGSAKDPSWASILQGLEEPYHAFVERLNIALDNGLPEGTPKDPILRSLAYSNANKECQKLLQARGHTNSPLGDMLRACQAWTPKDKTKVL	Capsid protein p24	9
GALV	P21416		GAG_GALV	Gibbon ape leukemia virus	GALV	11840	Gammaretrovirus	PLRAIGPPAEPNGLVPLQYWPFSSADLYNWKSNHPSFSENPAGLTGLLESLMFSHQPTWDDCQQLLQILFTTEERERILLEARKNVLGDNGAPTQLENLINEAFPLNRPHWDYNTAAGRERLLVYRRTLVAGLKGAARRPTNLAKVREVLQGPAEPPSVFLERLMEAYRRYTPFDPSSEGQQAAVAMAFIGQSAPDIKKKLQRLEGLQDYSLQDLVKEAEKVYHKRETEEERQEREKKEAEEKERRRDRPKKKNLTKIL	Capsid protein p30	2
HTL1M	P14077		GAG_HTL1M	Human T-cell leukemia virus 1 (strain Japan MT-2 subtype A)	HTLV-1	11928	Deltaretrovirus	PVMHPHGAPPNHRPWQMKDLQAIKQEVSQAAPGSPQFMQTIRLAVQQFDPTAKDLQDLLQYLCSSLVASLHHQQLDSLISEAETRGITSYNPLAGPLRVQANNPQQQGLRREYQQLWLAAFAALPGSAKDPSWASILQGLEEPYHAFVERLNIALDNGLPEGTPKDPILRSLAYSNANKECQKLLQARGHTNSPLGDMLRACQTWTPKDKTKVL	Capsid protein p24	9
MLVFP	P26805		GAG_MLVFP	Friend murine leukemia virus (isolate PVC-211)	FrMLV	11798	Gammaretrovirus	PLRLGGNGQFQYWPFSSSDLYNWKNNNPSFSEDPGKLTALIESVLLTHQPTWDDCQQLLGTLLTGEEKQRVLLEARKAVRGEDGRPTQLPNDINDAFPLERPDWDYNTQRGRNHLVHYRQLLLAGLQNAGRSPTNLAKVKGITQGPNESPSAFLERLKEAYRRYTPYDPEDPGQETNVSMSFIWQSAPDIGRKLERLEDLKNKTLGDLVREAEKIFNKRETPEEREERVRRETEEKEERRRAEDERREKERDRRRHREMSKLL	Capsid protein p30	2
MPMV,MPMV,MPMV	P07570,P07572,P07567	O56224,O92810,O56225	GAG_MPMV,PRO_MPMV,POL_MPMV	Mason-Pfizer monkey virus	MPMV	11855	Betaretrovirus	PVTETVDGQGQAWRHHNGFDFAVIKELKTAASQYGATAPYTLAIVESVADNWLTPTDWNTLVRAVLSGGDHLLWKSEFFENCRDTAKRNQQAGNGWDFDMLTGSGNYSSTDAQMQYDPGLFAQIQAAATKAWRKLPVKGDPGASLTGVKQGPDEPFADFVHRLITTAGRIFGSAEAGVDYVKQLAYENANPACQAAIRPYRKKTDLTGYIRLCSDIGPSYQQGLAM	Capsid protein p27	6
HV1RH,HV1RH	P05959,P05890		GAG_HV1RH,POL_HV1RH	Human immunodeficiency virus type 1 group M subtype B (isolate RF/HAT3)	HIV-1	11701	Lentivirus	PIVQNLQGQMVHQAISPRTLNAWVKVVEEKAFSPEVIPMFSALSEGATPQDLNTMLNTVGGHQAAMQMLKETINEEAAEWDRLHPVHAGPIAPGQMREPRGSDIAGTTSTLQEQIGWMTNNPPIPVGEIYKRWIILGLNKIVRMYSPISILDIRQGPKEPFRDYVDRFYKTLRAEQASQDVKNWMTETFLVQNANPDCKTILKALGPAATLEEMMTACQGVGGPSHKARIL	Capsid protein p24	5
MMTVB,MMTVB,MMTVB	P10271,P03365,P10258		POL_MMTVB,GAG_MMTVB,PRO_MMTVB	Mouse mammary tumor virus (strain BR6)	MMTV	11758	Betaretrovirus	PVVFMGESDEDDTPVWEPLPLKTLKELQSAVRTMGPSAPYTLQVVDMVASQWLTPSDWHQTARATLSPGDYVLWRTEYEEKSKEMVQKAAGKRKGKVSLDMLLGTGQFLSPSSQIKLSKDVLKDVTTNAVLAWRAIPPPGVKKTVLAGLKQGNEESYETFISRLEEAVYRMMPRGEGSDILIKQLAWENANSLCQDLIRPIRKTGTIQDYIRACLDASPAVVQGMAY	Capsid protein p27	6
HV2G1,HV2G1	P18042,P18041		GAG_HV2G1,POL_HV2G1	Human immunodeficiency virus type 2 subtype A (isolate Ghana-1)	HIV-2	11717	Lentivirus	PVQQTGGGNYIHVPLSPRTLNAWVKLVEDKKFGAEVVPGFQALSEGCTPYDINQMLNCVGDHQAAMQIIREIINDEAADWDAQHPIPGPLPAGQLRDPRGSDIAGTTSTVEEQIQWMYRPQNPVPVGNIYRRWIQIGLQKCVRMYNPTNILDVKQGPKEPFQSYVDRFYKSLRAEQTDPAVKNWMTQTLLIQNANPDCKLVLKGLGMNPTLEEMLTACQGVGGPGQKARLM	Capsid protein p24	5
HTL1L,HTL1L,HTL1L	P0C211,P0C210,P0C209		POL_HTL1L,PRO_HTL1L,GAG_HTL1L	Human T-cell leukemia virus 1 (isolate Melanesia mel5 subtype C)	HTLV-1	402046	Deltaretrovirus	PVMHPHGVPPTHRPWQMKDLQAIKQEVSQAAPGSPQFMQTIRLAVQQFDPTAKDLQDLLQYLCSSLVASLHHQQLDSLISEAETRGITGYNPLAGPLRVQANNPQQQGLRREYQQLWLTAFAALPGSAKDPSWASILQGLEEPYHTFVERLNVALDNGLPEGTPKDPILRSLAYSNANKECQKLLQARGHTNSPLGDMLRACQAWTPRDKTKVL	Capsid protein p24	9
FLV	P10262	Q85560	GAG_FLV	Feline leukemia virus		11768	Gammaretrovirus	PLREGPNNRPQYWPFSASDLYNWKSHNPPFSQDPVALTNLIESILVTHQPTWDDCQQLLQALLTGEERQRVLLEARKQVPGEDGRPTQLPNVIDETFPLTRPNWDFATPAGREHLRLYRQLLLAGLRGAARRPTNLAQVKQVVQGKEETPAAFLERLKEAYRMYTPYDPEDPGQAASVILSFIYQSSPDIRNKLQRLEGLQGFTLSDLLKEAEKIYNKRETPEEREERLWQRQEERDKKRHKEMTKVL	Capsid protein p30	2
HV1MN_P05888	P05888		GAG_HV1MN	Human immunodeficiency virus type 1 group M subtype B (isolate MN)	HIV-1	11696	Lentivirus	PIVQNIQGQMVHQAISPRTLNAWVKVVEEKAFSPEVIPMFSALSEGATPQDLNTMLNTVGGHQAAMQMLKETINEEAAEWDRLHPAHAGPIAPGQMREPRGSDIAGTTSTLQEQIGWMTNNPPIPVGEIYKRWIILGLNKIVRMYSPSSILDIRQGPKEPFRDYVDRFYKTLRAEQASQEVKNWMTETLLVQNANPDCKTILKALGPAATLEEMMTACQGVGGPGHKARVL	Capsid protein p24	5
HTL1A,HTL1A,HTL1A	P10274,P03362,P03345	Q85589,Q85590	POL_HTL1A,PRO_HTL1A,GAG_HTL1A	Human T-cell leukemia virus 1 (strain Japan ATK-1 subtype A)	HTLV-1	11926	Deltaretrovirus	PVMHPHGAPPNHRPWQMKDLQAIKQEVSQAAPGSPQFMQTIRLAVQQFDPTAKDLQDLLQYLCSSLVASLHHQQLDSLISEAETRGITGYNPLAGPLRVQANNPQQQGLRREYQQLWLAAFAALPGSAKDPSWASILQGLEEPYHAFVERLNIALDNGLPEGTPKDPILRSLAYSNANKECQKLLQARGHTNSPLGDMLRACQTWTPKDKTKVL	Capsid protein p24	9
SIVEK,SIVEK	Q1A250,Q1A249		POL_SIVEK,GAG_SIVEK	Simian immunodeficiency virus (isolate EK505)	SIV-cpz	388912	Lentivirus	PLVQNAQGQMVHQPLSPRTLNAWVKVVEEKAFNPEVIPMFMALSEGATPQDLNTMLNTVGGHQAAMQMLKEVINEEAAEWDRGHPVHMGPIPPGQVREPRGSDIAGTTSTLAEQVAWMTANPPVPVGDIYRRWIVLGLNKIVRMYSPASILDIKQGPKETFRDYVDRFYKTLRAEQATQEVKNWMTETLLVQNANPDCKNILRALGPGASLEEMMTACQGVGGPAHKARVL	Capsid protein p24	5
BIV29,BIV29	P19560,P19558	P19561,Q65590,Q65593,P19559	POL_BIV29,GAG_BIV29	Bovine immunodeficiency virus (strain R29)	BIV	417296	Lentivirus	PAITTQDGTPRFDPDLMKQLKIWSDATERNGVDLHAVNILGVITANLVQEEIKLLLNSTPKWRLDVQLIESKVREKENAHRTWKQHHPEAPKTDEIIGKGLSSAEQATLISVECRETFRQWVLQAAMEVAQAKHATPGPINIHQGPKEPYTDFINRLVAALEGMAAPETTKEYLLQHLSIDHANEDCQSILRPLGPNTPMEKKLEACRVVGSQKSKMQF	Capsid protein p26	3
EIAVC	P69731	P03351	GAG_EIAVC	Equine infectious anemia virus (isolate CL22)	EIAV	31675	Lentivirus	PIMIDGAGNRNFRPLTPRGYTTWVNTIQTNGLLNEASQNLFGILSVDCTSEEMNAFLDVVPGQAGQKQILLDAIDKIADDWDNRHPLPNAPLVAPPQGPIPMTARFIRGLGVPRERQMEPAFDQFRQTYRQWIIEAMSEGIKVMIGKPKAQNIRQGAKEPYPEFVDRLLSQIKSEGHPQEISKFLTDTLTIQNANEECRNAMRHLRPEDTLEEKMYACRDIGTTKQKMMLLAKAL	Capsid protein p26	8
FSVMD	P03340		GAG_FSVMD	Feline sarcoma virus (strain McDonough)		11778	Gammaretrovirus	PLREGPNNRPQYWPFSASDLYNWKLHNPPFSQDPVALTNLIESILVTHQPTWDDCQQLLQALLTAEERQRVLLEARKQVPGEDGRPTQLPNVIDEAFPLTRPNWDFATPAGREHLRLYRQLLLAGLRGAARRPTNLAQVKQVVQGKEETPASFLERLKEAYRMYTPYDPEDPGQAASVILSFIYQSSPDIRNKLQRLEGLQGFTLSDLLKEAEKIYNKRETPEEREERLWQRQEERDKKRHKEMTKVL	Capsid protein p30	2
MLVBM,MLVBM	Q7SVK7,P29167		GAG_MLVBM,POL_MLVBM	Murine leukemia virus (strain BM5 eco)		31687	Gammaretrovirus	PLRLGGNGQLQYWPFSSSDLYNWKNNNPSFSEDPGKLTALIESVLTTHQPTWDDCQQLLGTLLTGEEKQRVLLEARKAVRGNDGRPTQLPNEVNSAFPLERPDWDYTTPEGRNHLVLYRQLLLAGLQNAGRSPTNLAKVKGITQGPNESPSAFLERLKEAYRRYTPYDPEDPGQETNVSMSFIWQSAPAIGRKLERLEDLKSKTLGDLVREAEKIFNKRETPEEREERIRRETEEKEERRRAGDEQREKERDRRRQREMSKLL	Capsid protein p30	2
SIVVT	P05892		GAG_SIVVT	Simian immunodeficiency virus agm.vervet (isolate AGM TYO-1)	SIV-agm.ver	11731	Lentivirus	PAQQQGNAWVHVPLSPRTLNAWVKAVEEKKFGAEIVPMFQALSEGCTPYDINQMLNVLGDHQGALQIVKEIINEEAAQWDVTHPLPAGPLPAGQLRDPRGSDIAGTTSSVQEQLEWIYTANPRVDVGAIYRRWIILGLQKCVKMYNPVSVLDIRQGPKEPFKDYVDRFYKAIRAEQASGEVKQWMTESLLIQNANPDCKVILKGLGMHPTLEEMLTACQGVGGPSYKAKVM	Capsid protein p24	5
HV1SE,HV1SE	O89940,O89939		GAG_HV1SE,POL_HV1SE	Human immunodeficiency virus type 1 group M subtype G (isolate SE6165)	HIV-1	388824	Lentivirus	PIVQNAQGQMVHQAITPRTLNAWVKVVEEKAFSPEVIPMFSALSEGATPQDLNLMLNTVGGHQAAMQMLKDTINEEAAEWDRMHPQQAGPFPPGQIREPRGSDIAGTTSSLQEQITWMTGNPPIPVGEIYKRWIILGLNKIVRMYSPVSILDIRQGPKEPFRDYVDRFFKCLRAEQASQDVKGWMTDTLLVQNANPDCKTILRALGQGASLEEMMTACQGVGGPSHKARVL	Capsid protein p24	5
FIVT2	P31821		GAG_FIVT2	Feline immunodeficiency virus (isolate TM2)	FIV	31676	Lentivirus	PIQTVNGAPQYVALDPKMVSIFMEKAREGLGGEEVQLWFTAFSANLTSTDMATLIMSAPGCAADKEILDETLKQMTAEYDRTHPPDGPRPLPYFTAAEIMGIGLTQEQQAEPRFAPARMQCRAWYLEALGKLAAIKAKSPRAVQLKQGAKEDYSSFIDRLFAQIDQEQNTAEVKLYLKQSLSIANANPDCKRAMSHLKPESTLEEKLRACQEVGSPGYKMQL	Capsid protein p24	8
KORV	Q9TTC2		GAG_KORV	Koala retrovirus	KoRV	394239	Gammaretrovirus	PLRAVGPPAEPNGLVPLQYWPFSSADLYNWKSNHPSFSENPTGLTGLLESLMFSHQPTWDDCQQLLQVLFTTEERERILLEARKNVLGVNGAPTQLENLINEAFPLNRPQWDHNTAEGRERLLVYRRTLVAGLKGAARRPTNLAKVREVLQGPTEPPSVFLERLMEAYRRYTPFDPSSEGQKAAVAMSFIGQSAPDIKKKLQRLEGLQDHSLQDLIKEAEKVYHKRETEEEKQEREKKETEERERRRDRRQEKNLTKIL	Capsid protein p30	2
SIVS4,SIVS4	P12496,P12502		POL_SIVS4,GAG_SIVS4	Simian immunodeficiency virus (isolate F236/smH4)	SIV-sm	11737	Lentivirus	PVQQVGGNYVHLPLSPRTLNAWVKLVEEKKFGAEVVPGFQALSEGCTPYDINQMLNCVGEHQAAMQIIREIINEEAADWDLQHPQPGPLPAGQLREPRGSDIAGTTSTVDEQIQWMYRQQNPIPVGNIYRRWIQLGLQKCVRMYNPTNILDVKQGPKEPFQSYVDRFYKSLRAEQTDPAVKNWMTQTLLIQNANPDCKLVLKGLGMNPTLEEMLTACQGVGGPGQKARLM	Capsid protein p24	5
VILV2	P23425		GAG_VILV2	Maedi visna virus (strain 1514 / clone LV1-1KS2)	MVV	11744	Lentivirus	PIVNLQAGGRSWKAVESVVFQQLQTVAMQHGLVSEDFERQLAYYATTWTSKDILEVLVMMPGNRAQKELIQGKLNEEAERWVRQNPPGPNVLTVDQIMGVGQTNQQASQANMDQARQICLQWVITALRSVRHMSHRPGNPMLVKQKNTESYEDFIARLLEAIDAEPVMDPIKTYLKVTLSYTNASTDCQKQMDRTLGTRVQQATVEEKMQACRDVGSEGF	Capsid protein p25	8
MLVMS,MLVMS	P03332,P03355	Q9WJP4,O92808	POL_MLVMS,GAG_MLVMS	Moloney murine leukemia virus (isolate Shinnick)	MoMLV	928306	Gammaretrovirus	PLRAGGNGQLQYWPFSSSDLYNWKNNNPSFSEDPGKLTALIESVLITHQPTWDDCQQLLGTLLTGEEKQRVLLEARKAVRGDDGRPTQLPNEVDAAFPLERPDWDYTTQAGRNHLVHYRQLLLAGLQNAGRSPTNLAKVKGITQGPNESPSAFLERLKEAYRRYTPYDPEDPGQETNVSMSFIWQSAPDIGRKLERLEDLKNKTLGDLVREAEKIFNKRETPEEREERIRRETEEKEERRRTEDEQKEKERDRRRHREMSKLL	Capsid protein p30	2
HV1MA,HV1MA	P04588,P04594	Q79582	POL_HV1MA,GAG_HV1MA	Human immunodeficiency virus type 1 group M subtype A (isolate MAL)	HIV-1	11697	Lentivirus	PIVQNAQGQMIHQAISPRTLNAWVKVIEEKAFSPEVIPMFSALSEGATPQDLNMMLNIVGGHQAAMQMLKDTINEEAADWDRVHPVHAGPIPPGQMREPRGSDIAGTTSTLQEQIGWMTSNPPIPVGDIYKRWIILGLNKIVRMYSPVSILDIRQGPKEPFRDYVDRFFKTLRAEQATQEVKNWMTETLLVQNANPDCKTILKALGPGATLEEMMTACQGVGGPSHKARVL	Capsid protein p24	5
MMTVC,MMTVC	Q9IZT2,P11283	Q9IZT3	PRO_MMTVC,POL_MMTVC	Mouse mammary tumor virus (strain C3H)	MMTV	11759	Betaretrovirus	PVVFMGESDDDDTPVWEPLPLKTLKELQSAVRTMGPSAPYTLQVVDMVASQWLTPSDWHQTARATLSPGDYVLWRTEYEEKSKETVQKTAGKRKGKVSLDMLLGTGQFLSPSSQIKLSKDVLKDVTTNAVLAWRAIPPPGVKKTVLAGLKQGNEESYETFISRLEEAVYRMMPRGEGSDILIKQLAWENANSLCQDLIRPMRKTGTMQDYIRACLDASPAVVQGMAY	Capsid protein p27	6
XMRV3,XMRV3	Q2F7J2,Q2F7J3		POL_XMRV3,GAG_XMRV3	Xenotropic MuLV-related virus (isolate VP35)	XMRV	356663	Gammaretrovirus	PLRMGGDGQLQYWPFSSSDLYNWKNNNPSFSEDPGKLTALIESVLITHQPTWDDCQQLLGTLLTGEEKQRVLLEAGKAVRGNDGRPTQLPNEVNAAFPLERPDWDYTTTEGRNHLVLYRQLLLAGLQNAGRSPTNLAKVKGITQGPNESPSAFLERLKEAYRRYTPYDPEDPGQETNVSMSFIWQSAPDIGRKLERLEDLKSKTLGDLVREAEKIFNKRETPEEREERIRREIEEKEERRRAEDEQRERERDRRRHREMSKLL	Capsid protein p30	2
HV1C4,HV1C4	P05960,P05887		POL_HV1C4,GAG_HV1C4	Human immunodeficiency virus type 1 group M subtype B (isolate CDC-451)	HIV-1	11687	Lentivirus	PIVQNLQGQMVHQAISPRTLNAWVKVIEEKAFSPEVIPMFAALSEGATPQDLNTMLNTVGGHQAAMQMLKETINEEAAEWDRLHPVHAGPIAPGQMREPRGSDIAGTTSTLQEQIGWMTNNPPTPVGEIYKRWIILGLNKIVRMYSPISILDIRQGPKEPFRDYVDRFYKTLRAEQASQEVKNWMTETLLVQNANPDCKTILKALGPAATLEEMMTACQGVGGPGHKARVL	Capsid protein p24	5
HV1Z2,HV1Z2	P12499,P12495		POL_HV1Z2,GAG_HV1Z2	Human immunodeficiency virus type 1 group M subtype D (isolate Z2/CDC-Z34)	HIV-1	11683	Lentivirus	PIVQNLQGQMVHQAISPRTLNAWVKVIEEKAFSPEVIPMFSALSEGATPQDLNTMLNTVGGHQAAMQMLKETINEEAAEWDRLHPVHAGPIAPGQMREPRGSDIAGTTSTLQEQIAWMTSNPPIPVGEIYKRWIILGLNKIVRMYSPVSILDIRQGPKEPFRDYVDRFYKTLRAEQASQEVKGWMTETLLVQNANPDCKTILKALGPQATLEEMMTACQGVGGPSHKARVL	Capsid protein p24	5
HV1YF,HV1YF	O91079,O91080		POL_HV1YF,GAG_HV1YF	Human immunodeficiency virus type 1 group N (isolate YBF30)	HIV-1	388818	Lentivirus	PLVQTAQGQMVHQPLTPRTLNAWVKVIEEKAFSPEVIPMFMALSEGATPSDLNTMLNTVGGHQAAMQMLKEVINEEAADWDRTHPVPVGPLPPGQLRDPRGSDIAGTTSTLAEQVAWMTANPPVPVGDIYRRWIVLGLNRIVRMYSPVSILEIKQGPKEPFRDYVDRFYKTLRAEQATQEVKNWMTETLLVQNANPDCKQLLKALGPGATLEEMMTACQGVGGPAHKARVL	Capsid protein p24	5
MLVFF	P26806		GAG_MLVFF	Friend murine leukemia virus (isolate FB29)	FrMLV	11797	Gammaretrovirus	PLRLGGNGQYQYWPFSSSDLYNWKNNNPSFSEDPAKLTALIESVLLTHQPTWDDCQQLLGTLLTGEEKQRVLLEARKAVRGEDGRPTQLPNDINDAFPLERPDWDYNTQRGRNHLVHYRQLLLAGLQNAGRSPTNLAKVKGITQGPNESPSAFLERLKEAYRRYTPYDPEDPGQETNVAMSFIWQSAPDIGRKLERLEDLKSKTLGDLVREAEKIFNKRETPEEREERIRRETEEKEERRRAEDVQREKERDRRRHREMSKLL	Capsid protein p30	2
HV1YB,HV1YB	Q9IDV8,Q9IDV9		GAG_HV1YB,POL_HV1YB	Human immunodeficiency virus type 1 group N (isolate YBF106)	HIV-1	388819	Lentivirus	PLVQNAQGQMVHQPLTPRTLNAWVKVIEEKAFNPEIIPMFMALSEGATPSDLNSMLNTVGGHQAAMQMLKEVINEEAAEWDRTHPAPVGPLPPGQMRDPRGSDIAGTTSTLAEQVAWMTSNPPIPVGDIYRRWIVLGLNRIVRMYSPVSILEIKQGPKEPFRDYVDRFYKTLRAEQATQDVKNWMTETLLVQNANPDCKQILKALGPGATLEEMMTACQGVGGPAHKARVL	Capsid protein p24	5
MSVMO	P03334		GAG_MSVMO	Moloney murine sarcoma virus	MoMSV	11809	Gammaretrovirus	PLRTGGNGQLQYWPFSSSDLYNWKNNNPSFSEDPGKLTALIESVLITHQPTWDDCQQLLGTLLTGEEKQRVLLEARKAVRGDDGRPTQLPNEVDAAFPLERPDWEYTTQAGRNHLVHYRQLLIAGLQNAGRSPTNLAKVKGITQGPNESPSAFLERLKEAYRRYTPYDPEDPGQETNVSMSFIWQSAPDIGRKLERLEDLRNKTLGDLVREAERIFNKRETPEEREERIRREREEKEERRRTEDEQKEKERDRRRHREMSRLL	Capsid protein p30	2
WDSV,WDSV	Q88937,O92815		POL_WDSV,GAG_WDSV	Walleye dermal sarcoma virus	WDSV	39720	Epsilonretrovirus	PIRNYPTGEGNLTAQVRNPFRPLELQQLRKDCPALPEGIPQLAEWLTQTMAIYNCDEADVEQLARVIFPTPVRQIAGVINGHAAANTAAKIQNYVTACRQHYPAVCDWGTIQAFTYKPPQTAHEYVKHAEIIFKNNSGLEWQHATVPFINMVVQGLPPKVTRSLMSGNPDWSTKTIPQIIPLMQHYLNLQSRQDAKIKQTPLVLQL	Capsid protein p25	7
RSVP,RSVP	P03322,P03354	Q64983,O92805,Q77YH0,Q07462	POL_RSVP,GAG_RSVP	Rous sarcoma virus subgroup C (strain Prague)	RSV-Pr-C	11888	Alpharetrovirus	PVVIKTEGPAWTPLEPKLITRLADTVRTKGLRSPITMAEVEALMSSPLLPHDVTNLMRVILGPAPYALWMDAWGVQLQTVIAAATRDPRHPANGQGRGERTNLNRLKGLADGMVGNPQGQAALLRPGELVAITASALQAFREVARLAEPAGPWADIMQGPSESFVDFANRLIKAVEGSDLPPSARAPVIIDCFRQKSQPDIQQLIRTAPSTLTTPGEIIKYVLDRQKTAPLTDQGIAAAM	Capsid protein p27, alternate cleaved 2	1
HV2D2,HV2D2	P15832,P15833		POL_HV2D2,GAG_HV2D2	Human immunodeficiency virus type 2 subtype B (isolate D205)	HIV-2	11716	Lentivirus	PVQQLAGNYVHLPLSPRTLNAWVKLVEEKKFGAEVVPGFQALSEGCTPYDINQMLNCVGEHQAAMQIIREIINEEAADWDQQHPSPGPMPAGQLRDPRGSDIAGTTSTVEEQIQWMYRAQNPVPVGNIYRRWIQLGLQKCVRMYNPTNILDIKQGPKEPFQSYVDRFYKSLRAEQTDPAVKNWMTQTLLIQNANPDCKLVLKGLGMNPTLEEMLTACQGIGGPGQKARLM	Capsid protein p24	5
HV1J3,HV1J3	P12498,P12494		POL_HV1J3,GAG_HV1J3	Human immunodeficiency virus type 1 group M subtype B (isolate JH32)	HIV-1	11694	Lentivirus	PIVQNIQGQMVHQAISPRTLNAWVKVVEEKAFSPEVIPMFSALSEGATPQDLNTMLNTVGGHQAAMQMLKETINEEAAEWDRLHPAQAGPIAPGQMREPRGSDIAGTTSTLQEQIGWMTSNPPIPVGEIYKRWIILGLNKIVRMYSPSSILDIRQGPKEPFRDYVDRFYKTLRAEQASQEVKNWMTETLLVQNANPDCKTILKALGPAATLEEMMTACQGVGGPGHKARVL	Capsid protein p24	5
HV190,HV190	O93182,O93215		POL_HV190,GAG_HV190	Human immunodeficiency virus type 1 group M subtype H (isolate 90CF056)	HIV-1	388826	Lentivirus	PIVQNAQGQMVHQAISPRTLNAWVKVVEEKAFSPEVIPMFSALSEGATPQDLNAMLNTVGGHQAAMQMLKDTINEEAAEWDRVHPVHAGPIPPGQMREPRGSDIAGTTSTLQEQIAWMTGNPAIPVGDIYKRWIILGLNKIVRMYSPVSILDIKQGPKEPFRDYVDRFFKTLRAEQATQDVKNWMTETLLVQNANPDCKTILRALGQGASIEEMMTACQGVGGPSHKARVL	Capsid protein p24	5
HV1VI,HV1VI	Q9QSR3,Q9QSR4		POL_HV1VI,GAG_HV1VI	Human immunodeficiency virus type 1 group M subtype F1 (isolate VI850)	HIV-1	388813	Lentivirus	PIVQNLQGQMVHQSLSPRTLNAWVKVIEEKAFSPEVIPMFSALSEGATPTDLNTMLNTVGGHQAAMQMLKDTINEEAAEWDRLHPVHAGPAPPGQMREPRGSDIAGTTSTLQEQIQWMTGNPPVPVGDIYKRWIILGLNKIVRMYSPVSILDIKQGPKEPFRDYVDRFFKVLRAEQASQDVKGWMTDTLLVQNANPDCKTILKALGTGATLEEMMTACQGVGGPSHKARVL	Capsid protein p24	5
HV1MN_P05961	P05961		POL_HV1MN	Human immunodeficiency virus type 1 group M subtype B (isolate MN)	HIV-1	11696	Lentivirus	PIVQNIEGQMVHQAISPRTLNAWVKVVEEKAFSPEVIPMFSALSEGATPQDLNTMLNTVGGHQAAMQMLKETINEEAAEWDRLHPVHAGPITPGQMREPRGSDIAGTTSTLQEQIGWMTNNPPIPVGEIYKRWIILGLNKIVRMYSPSSILDIRQGPKEPFRDYVDRFYKTLRAEQASQEVKNRTTETLLVQNANPDCKTILKALGPAATLEEMMTACQGVGGPGHKARVL	Capsid protein p24	5
SRV2	P51516		GAG_SRV2	Simian retrovirus SRV-2		39068	Betaretrovirus	PVTETMDGQGQAWRHHNGFDFTVIKELKTAVSQYGATAPYTLAIVESIADNWLTPTDWNTLVRAVLSGGDHLIWKSEFFENCRDTAKRNQQAGNGWDFDMLTGSGNYANTDAQMQYDPGLFAQIQAAATNAWRKLPVKGDPGASLTGVKQGPDEPFADFVHRLITTAGRIFGNAEAGVDYVKQLAYENANPACQAAIRPYRKKTDLTGYIRLCSDIGPSYQQGLAM	Capsid protein p27	6
MLVF5	P26807		GAG_MLVF5	Friend murine leukemia virus (isolate 57)	FrMLV	11796	Gammaretrovirus	PLRQGGNGQFQYWPFSSSDLYNWKNNNPSFSEDPAKLTALIESVLLTHQPTWDDCQQLLGTLLTGEEKQRVLLEARKAVRGEDGRPTQLPNDINDAFPLERPDWDYNTQRGRNHLVHYRQLLLAGLQNAGRSPTNLAKVKGITQGPNESPSAFLERLKEAYRRYTPYDPEDPGQETNVAMSFIWQSAPDIGRKLERLEDLKSKTLGDLVREAEKIFNKRETPEEREERIRRETEEKEERRRAEDEQREKERDRRRHREMSKLL	Capsid protein p30	2
SRV1	P04022		GAG_SRV1	Simian retrovirus SRV-1		11942	Betaretrovirus	PVTETVDGQGQAWRHHNGFDFTVIKELKTAASQYGATAPYTLAIVESVADNWLTPTDWNTLVRAVLSGGDHLLWKSEFFENCRETAKRNQQAGNGWDFDMLTGSGNYSSTDAQMQYDPGLFAQIQAAATKAWRKLPVKGDPGASLTGVKQGPDEPFADFVHRLITTAGRIFGSAEAGVDYVKQLAYENANPACQAAIRPYRKKTDLTGYIRLCSDIGPSYQQGLAM	Capsid protein p27	6
FIVPE	P16087		GAG_FIVPE	Feline immunodeficiency virus (isolate Petaluma)	FIV	11674	Lentivirus	PIQTVNGVPQYVALDPKMVSIFMEKAREGLGGEEVQLWFTAFSANLTPTDMATLIMAAPGCAADKEILDESLKQLTAEYDRTHPPDAPRPLPYFTAAEIMGIGLTQEQQAEARFAPARMQCRAWYLEALGKLAAIKAKSPRAVQLRQGAKEDYSSFIDRLFAQIDQEQNTAEVKLYLKQSLSIANANADCKKAMSHLKPESTLEEKLRACQEIGSPGYKMQL	Capsid protein p24	8
HV2UC,HV2UC	Q76633,Q76634		GAG_HV2UC,POL_HV2UC	Human immunodeficiency virus type 2 subtype B (isolate UC1)	HIV-2	388822	Lentivirus	PVQQIAGNYVHMPLSPRTLNAWVKLVEEKKFGAEVVPGFQALSEGCTPYDINQMLNCVGDHQAAMQIIREIINEEAADWDQQHPIPGPLPAGQLRDPRGSDIAGTTSTVEEQIQWMYRAQNPVPVGNIYRRWIQIGLQKCVRMYNPTNILDIKQGPKEPFQSYVDRFYKSLRAEQTDPAVKNWMTQTLLIQNANPDCKLVLKGLGMNPTLEEMLTACQGIGGPGQKARLM	Capsid protein p24	5
MLVHO	P21435	Q80877,Q80880,Q80879,Q80878	GAG_MLVHO	Hortulanus murine leukemia virus	HoMuLV	11799	Gammaretrovirus	PLRTGGNGQLQYWPFSSADLYNWKNNNPSFSEDPGKLTALIESVLITHQPTWDDCQQLLGTLLTGEEKQRVLLEARKAVRGNDGRPTQLPNEINDAFPLERPDWDYTTPAGRNHLVLYRQLLLAGLQHAGRSPTNLAKVKGITQGPNESPSAFLERLKEAYRRYTPYDPEDPGQETNVSMSFIWQSAPDIGRKLERLEDLKSKTLGDLVREAERIFNKRETPEEREERIRRETEEKEERRRAENEQREKERDRRRHREMSKLL	Capsid protein p30	2
SIVMS	P31634		GAG_SIVMS	Simian immunodeficiency virus (isolate STM)	SIV-mac	31683	Lentivirus	PVQQVGGNYVHLPLSPRTLNAWVKLVEEKKFGAEVVSGFQALSEGCTPYDINQMLNCVGEHQAAMQIIREIINEEAADWDVQHPQPGPLPAGQLREPSGSDIAGTTSTVEEQIQWMHRQQNPIPVGNIYRRWIQLGLQKCVRMYNPVNILDIKQGPKEPFQSYVDRFYKSLRAEQADPAVKNWMTQTPLIQNANPDCKLVLKGLGMNPTLEEMLTACQGVGGPGQKARLM	Capsid protein p24	5
HV1JR,HV1JR	P20875,P20873		GAG_HV1JR,POL_HV1JR	Human immunodeficiency virus type 1 group M subtype B (isolate JRCSF)	HIV-1	11688	Lentivirus	PIVQNLQGQMVHQAISPRTLNAWVKVIEEKAFSPEVIPMFSALSEGATPQDLNTMLNTVGGHQAAMQMLKETINEEAAEWDRLHPVHAGPIAPGQMREPRGSDIAGTTSTLQEQIGWMTNNPPIPVGEIYKRWIILGLNKIVRMYSPVSILDIRQGPKEPFRDYVDRFYKTLRAEQATQEVKNWMTETLLVQNANPDCKTILKALGPAATLEEMMTACQGVGGPGHKARVL	Capsid protein p24	5
JSRV	P31622	Q9WR75	GAG_JSRV	Sheep pulmonary adenomatosis virus	Jaagsiekte sheep retrovirus	11746	Betaretrovirus	PVFENNNQRYYESLPFKQLKELKIACSQYGPTAPFTIAMIESLGTQALPPNDWKQTARACLSGGDYLLWKSEFFEQCARIADVNRQQGIQTSYEMLIGEGPYQATDTQLNFLPGAYAQISNAARQAWKKLPSSSTKTEDLSKVRQGPDEPYQDFVARLLDTIGKIMSDEKAGMVLAKQLAFENANSACQAALRPYRKKGDLSDFIRICADIGPSYMQGIAM	Capsid protein p27	6
VILV1	P23424		GAG_VILV1	Maedi visna virus (strain 1514 / clone LV1-1KS1)	MVV	11743	Lentivirus	PIVNLQAGGRSWKAVESVVFQQLQTVAMQHGLVSEDFERQLAYYATTWTSKDILEVLAMMPGNRAQKELIQGKLNEEAERWVRQNPPGPNVLTVDQIMGVGQTNQQASQANMDQARQICRQWVITALRSVRHMSHRPGNPMLVKQKNTESYEDFIARLLEAIDAEPVTDPIKTYLKVTLSYTNASTDCQKQMDRTLGTRVQQATVEEKMQACRDVGSEGF	Capsid protein p25	8
HV196,HV196	Q9QBY3,Q9QBY4		POL_HV196,GAG_HV196	Human immunodeficiency virus type 1 group M subtype K (isolate 96CM-MP535)	HIV-1	388906	Lentivirus	PIVQNLQGQMVHQALSPRTLNAWVKVIEEKAFSPEVIPMFTALSEGATPQDLNTMLNTVGGHQAAMQMLKDTINDEAAEWDRLHPVHAGPIPPGQMREPRGSDIAGTTSTLQEQIAWMTSNPPVPVGEIYKRWIILGLNKIVRMYSPVSILDIRQGPKEPFRDYVDRFFKTLRAEQATQEVKNWMTDTLLVQNANPDCKTILKALGPGASLEEMMTACQGVGGPSHKARIL	Capsid protein p24	5
MLVDU	P23090		GAG_MLVDU	Duplan murine leukemia virus		11794	Gammaretrovirus	PLRMGGDGQLQYWPFSSSDLYNWKNNNPSFSEDPGKLTALIESVLTTHQPTWDDCQQLLGTLLTGEEKQRVLLEARKAVRGNDGRPTQLPNEVNSAFPLERPDWNYSTPEGRNHLVLYRQLLLAGLHNAGRSPTNLAKVKRITQGPNESPSAFLERLKEAYRRYTPYDPEDPGQETNVSMSFIWQSAPDIGRKLERLEDLKSKTLGDLVREAEKIFNKRETPEEREERIRRETEEKEERRRAEDEQREKERDRRRHREMSKFL	Capsid protein p30	2
VILV,VILVK	P35955,P03352		GAG_VILV,GAG_VILVK	Maedi visna virus (strain 1514),Maedi visna virus (strain KV1772)	MVV	11742,36374	Lentivirus	PIVNLQAGGRSWKAVESVVFQQLQTVAMQHGLVSEDFERQLAYYATTWTSKDILEVLAMMPGNRAQKELIQGKLNEEAERWVRQNPPGPNVLTVDQIMGVGQTNQQASQANMDQARQICLQWVITALRSVRHMSHRPGNPMLVKQKNTESYEDFIARLLEAIDAEPVTDPIKTYLKVTLSYTNASTDCQKQMDRTLGTRVQQATVEEKMQACRDVGSEGF	Capsid protein p25	8
HV1A2,HV1A2	P03369,P03349		GAG_HV1A2,POL_HV1A2	Human immunodeficiency virus type 1 group M subtype B (isolate ARV2/SF2)	HIV-1	11685	Lentivirus	PIVQNLQGQMVHQAISPRTLNAWVKVVEEKAFSPEVIPMFSALSEGATPQDLNTMLNTVGGHQAAMQMLKETINEEAAEWDRVHPVHAGPIAPGQMREPRGSDIAGTTSTLQEQIGWMTNNPPIPVGEIYKRWIILGLNKIVRMYSPTSILDIRQGPKEPFRDYVDRFYKTLRAEQASQDVKNWMTETLLVQNANPDCKTILKALGPAATLEEMMTACQGVGGPGHKARVL	Capsid protein p24	5
SIVSP,SIVSP	P19505,P19504	Q88140	POL_SIVSP,GAG_SIVSP	Simian immunodeficiency virus (isolate PBj14/BCL-3)	SIV-sm	11738	Lentivirus	PVQQIGGNYTHLPLSPRTLNAWVKLIEEKKFGAEVVPGFQALSEGCTPYDINQMLNCVGEHQAAMQIIREIINEEAADWDLQHPQPGPIPPGQLREPRGSDIAGTTSTVDEQIQWMYRQQNPIPVGNIYRRWIQLGLQKCVRMYNPTNILDVKQGPKEPFQSYVDRFYKSLRAEQTDPAVKNWMTQTLLIQNANPDCKLVLKGLGINPTLEEMLTACQGVGGPGQKARLM	Capsid protein p24	5
FIVSD	P19027		GAG_FIVSD	Feline immunodeficiency virus (strain San Diego)	FIV	11675	Lentivirus	PIQTVNGAPQYVALDPKMVSIFMEKAREGLGGEEVQLWFTAFSANLTPTDMATLIMAAPGCAADKEILDESLKQLTAEYDRTNPPDGPRPLPYFTAAEIMGIGLTQEQQAEARFAPARMQCRAWYLEALGKLAAIKAKSPRAVQLRQGAKEDYSSFIDRLFAQIDQEQNTAEVKLYLKQSLSIANANAECKKAMSHLKPESTLEEKLRACQEIGSPGYKMQL	Capsid protein p24	8
HV2SB,HV2SB	P12451,P12450	Q85570	POL_HV2SB,GAG_HV2SB	Human immunodeficiency virus type 2 subtype A (isolate SBLISY)	HIV-2	11718	Lentivirus	PVQQIGGNYVHLPLSPRTLNAWVKLVEEKKFGAEVVPGFQALSEGCTPYDINQMLNCVGDHQAAMQIIREIINEEAADWDVQHPIPGPLPAGQLRDPRGSDIAGTTSTVEEQIEWMYRQENPVPVGNIYRRWIQIGLQKCVRMYNPTNILDIKQGPKESFQSYVDRFYKSLRAEQTDAAVKNWMTQTLLVQSNPDCKLVLKGLGMNPTLEEMLTACQGIGGPGQKARLM	Capsid protein p24	5
SIVV1,SIVV1	P27973,P27972		GAG_SIVV1,POL_SIVV1	Simian immunodeficiency virus agm.vervet (isolate AGM155)	SIV-agm.ver	11727	Lentivirus	PAQQQGNAWVHVPLSPRTLNAWVKAVEEKKFGAEIVPMFQALSEGCTPYDINQMLNVLGDHQGALQIVKEIINEEAAQWDVTHPPPAGPLPAGQLRDPGGSDIAGTTSTVQEQLEWIYTANPRVDVGAIYRRWIILGLQKCVKMYNPVSVLDIRQGPKEPFKDYVDRFYKAIRAEQASGEVKQWMTESLLIQNANPDCKVILKGLGMHPTLEEMLTACQGVGGPSYKAKVM	Capsid protein p24	5
HV1EL,HV1EL	P04592,P04589	Q77906	POL_HV1EL,GAG_HV1EL	Human immunodeficiency virus type 1 group M subtype D (isolate ELI)	HIV-1	11689	Lentivirus	PIVQNLQGQMVHQAISPRTLNAWVKVIEEKAFSPEVIPMFSALSEGATPQDLNTMLNTVGGHQAAMQMLKETINEEAAEWDRLHPVHAGPIAPGQMREPRGSDIAGTTSTLQEQIAWMTSNPPIPVGEIYKRWIIVGLNKIVRMYSPVSILDIRQGPKEPFRDYVDRFYKTLRAEQASQDVKNWMTETLLVQNANPDCKTILKALGPQATLEEMMTACQGVGGPSHKARVL	Capsid protein p24	5
HV193,HV193	O89291,O89290		GAG_HV193,POL_HV193	Human immunodeficiency virus type 1 group M subtype F1 (isolate 93BR020)	HIV-1	388814	Lentivirus	PIVQNLQGQMVHQSLSPRTLNAWVKVIEEKAFSPEVIPMFSALSEGATPQDLNTMLNTVGGHQAAMQMLKDTINEEAAEWDRLHPTQAGPIPPGQIREPRGSDIAGTTSTLQEQIQWMTGNPPVPVGEMYKRWIILGLNKIVRMYSPVGILDIRQGPKEPFRDYVDRFFKTLRAEQATQEVKGWMTDTLLVQNANPDCKTILKALGPGATLEEMMTACQGVGGPSHKARVL	Capsid protein p24	5
HV2D1,HV2D1	P17757,P17756		GAG_HV2D1,POL_HV2D1	Human immunodeficiency virus type 2 subtype A (isolate D194)	HIV-2	11713	Lentivirus	PVQQAGGNYIHVPLSPRTLNAWVKLVEEKKFGAEVVPGFQALSEGCTPYDINQMLNCVGDHQAAMQIIREIINEEAADWDAQHPIPGPLPAGQLRDPRGSDIAGTTSTVDEQIQWMYRQPNPVPVGNIYRRWIQIGLQKCVRMYNPTNILDVKQGPKESFQSYVDRFYKSLRAEQTDPAVKNWMTQTLLIQNANPDCKLVLKGLGMNPTLEEMLTACQGVGGPSQKARLM	Capsid protein p24	5
HV1Y2,HV1Y2	P35963,P35962		POL_HV1Y2,GAG_HV1Y2	Human immunodeficiency virus type 1 group M subtype B (isolate YU-2)	HIV-1	362651	Lentivirus	PIVQNLQGQMVHQAISPRTLNAWVKVVEEKAFSPEVIPMFSALSEGATPQDLNTMLNTVGGHQAAMQMLKETINEEAAEWDRLHPVHAGPIAPGQMREPRGSDIAGTTSTLQEQIGWMTNNPPIPVGEIYKRWIILGLNKIVRMYSPTSILDIRQGPKEPFRDYVDRFYKTLRAEQASQEVKNWMTETLLVQNANPDCKTILKALGPAATLEEMMTACQGVGGPGHKARVL	Capsid protein p24	5
CAEVC	P33458		GAG_CAEVC	Caprine arthritis encephalitis virus (strain Cork)	CAEV-Co	11661	Lentivirus	SWKAVDSVMFQQLQTVAMQHGLVSEDFERQLAYYATTWTSKDILEVLAMMPGNRAQKELIQGKLNEEAERWRRNNPPPPAGGGLTVDQIMGVGQTNQAAAQANMDQARQICLQWVINALRAVRHMAHRPGNPMLVKQKTNEPYEDFAARLLEAIDAEPVTQPIKDYLKLTLSYTNASADCQKQMDRTLGQRVQQASVEEKMQACRDVGSEGF	Capsid protein p25	8
OMVVS	P16900		GAG_OMVVS	Ovine maedi visna related virus (strain South Africa)	SA-OMVV	11664	Lentivirus	PIVNLQAGGRSWKAVESVTFQQLQTVAMQHGLVSEDFERQLAYYATTWTSKDILEVLAMMPGNRAQKELIQGKLNEEAERWVRQNPPGPNVLTVDQIMGVGQTNQQASQANMDQARQLCLQWVITALRSVRHMSHRPGNPMLIKQKNSESYEDFIARLLEAIDTEPVTDPIKTYLKVTLSFTNASTDCQKQMDRVLGTRVQQASVEEKMQACRDVGSEGF	Capsid protein p25	8
BLVJ	P03344		GAG_BLVJ	Bovine leukemia virus (isolate Japanese BLV-1)	BLV	11907	Deltaretrovirus	PIISEGNRNRHRAWALRELQDIKKEIENKAPGSQVWIQTLRLAILQADPTPADLEQLCQYIASPVDQTAHMTSLTAAIAAAEAATPSRVLTPKTGTLTQQSAQPNAGDLRSQYQNLWLQAGKISLLVLQLQPWSTIVQGPAESSVEFVNRLQISLADNLPDGVLRNPLLTPLVMQMLTESVSKFCRGEASGRGGAKTAGLRTIGPPRMKQPALL	Capsid protein p24	9
MMTVC	P11284	Q9IZT1	GAG_MMTVC	Mouse mammary tumor virus (strain C3H)	MMTV	11759	Betaretrovirus	PVVFMGESDDDDTPVWEPLPLKTLKELQSAVRTMGPSAPYTLQVVDMVASQWLTPSDWHQTARATLSPGDYVLWRTEYEEKSKETVQKTAGKRKGKVSLDMLLGTGQFLSPSSQIKLSKDVLKDVTTNAVLAWRAIPPPGVKKTVLAGLKQGNEESYETFISRLEEAVYRVMPRGEGSDILIKQLAWENANSLCQDLIRPMRKTGTMQDYIRACLDASPAVVQGMAY	Capsid protein p27	6
